{
  "source": "sample_ropes_short.mp3",
  "sr": 22050,
  "duration_sec": 31.111836734693878,
  "tempo_bpm": 89.10290948275862,
  "onset_times_sec": [
    0.0464,
    0.7198,
    1.3816,
    2.0434,
    2.7167,
    3.3785,
    4.0519,
    5.3986,
    6.0024,
    6.2229,
    6.3623,
    6.5829,
    6.6873,
    7.024,
    7.3491,
    7.5697,
    7.6742,
    8.0341,
    8.336,
    8.5333,
    8.6843,
    8.87,
    8.9977,
    9.2299,
    9.3693,
    9.6827,
    9.9962,
    10.2052,
    10.3445,
    10.6812,
    11.0295,
    11.2268,
    11.3313,
    11.5287,
    11.7029,
    11.9234,
    12.0279,
    12.353,
    12.6665,
    12.9219,
    13.038,
    13.3515,
    13.6882,
    13.8623,
    14.0016,
    14.2222,
    14.3383,
    14.5821,
    14.6866,
    15.0233,
    15.2555,
    15.3368,
    15.5574,
    15.6502,
    15.9985,
    16.3236,
    16.5442,
    16.6603,
    16.8809,
    16.997,
    17.1828,
    17.3453,
    17.6704,
    17.9606,
    18.2277,
    18.3438,
    18.6572,
    19.0055,
    19.1913,
    19.319,
    19.5396,
    19.6557,
    19.8879,
    20.004,
    20.3291,
    20.6425,
    20.898,
    20.9908,
    21.1766,
    21.3159,
    21.6758,
    21.8732,
    21.9777,
    22.1634,
    22.3376,
    22.5698,
    22.6511,
    23.011,
    23.3128,
    23.5566,
    23.6495,
    24.0094,
    25.182,
    26.6449,
    26.9816,
    27.2138,
    27.3299,
    27.5273,
    27.655,
    27.8988,
    27.9917,
    28.34,
    28.6534,
    28.8972,
    29.0133,
    29.3384,
    29.6519,
    29.8725,
    29.9886,
    30.2208,
    30.3369,
    30.5575,
    30.6736,
    30.9986
  ],
  "beat_times_sec": [
    0.0813,
    0.743,
    1.4048,
    2.0666,
    2.74,
    3.4017,
    4.0751,
    4.7601,
    5.4451,
    6.0372,
    6.6293,
    7.3723,
    8.0573,
    8.7075,
    9.3925,
    10.0426,
    10.716,
    11.3778,
    12.0628,
    12.7129,
    13.3863,
    14.0481,
    14.6286,
    15.3136,
    16.0334,
    16.6835,
    17.264,
    18.0187,
    18.7037,
    19.3538,
    19.9343,
    20.6774,
    21.3624,
    22.0241,
    22.7091,
    23.3477,
    24.0327,
    24.6944,
    25.3562,
    26.0296,
    26.7029,
    27.3531,
    27.9336,
    28.6883,
    29.3616,
    30.0234
  ],
  "drum_onset_times_sec": [
    0.0464,
    0.6502,
    1.2771,
    2.0085,
    2.6703,
    3.3321,
    3.9938,
    5.9559,
    6.2113,
    6.3623,
    6.5132,
    6.6873,
    6.9195,
    7.024,
    7.2795,
    7.5233,
    7.6858,
    8.0225,
    8.3592,
    8.5449,
    8.6727,
    8.8816,
    9.021,
    9.2183,
    9.3576,
    9.5782,
    9.6943,
    9.9614,
    10.182,
    10.3677,
    10.5999,
    10.6812,
    11.0295,
    11.2152,
    11.3429,
    11.5519,
    11.6912,
    11.8654,
    12.0279,
    12.2485,
    12.3646,
    12.6317,
    12.8987,
    13.0264,
    13.2354,
    13.3515,
    13.6766,
    13.8739,
    14.0132,
    14.2106,
    14.3615,
    14.5589,
    14.6982,
    14.9304,
    15.0233,
    15.2439,
    15.3368,
    15.5341,
    15.6735,
    15.836,
    15.9985,
    16.3352,
    16.521,
    16.6487,
    16.8461,
    16.997,
    17.1712,
    17.3453,
    17.5311,
    17.6704,
    17.949,
    18.2044,
    18.3322,
    18.576,
    18.6688,
    19.0055,
    19.1797,
    19.319,
    19.528,
    19.6673,
    19.8647,
    20.0156,
    20.2362,
    20.3407,
    20.6193,
    20.8399,
    21.0024,
    21.2463,
    21.3275,
    21.6642,
    21.85,
    21.9893,
    22.1867,
    22.3376,
    22.535,
    22.6743,
    22.8949,
    22.9994,
    23.2664,
    23.5334,
    23.6727,
    23.8701,
    23.9978,
    26.6449,
    26.9816,
    27.1325,
    27.3183,
    27.5273,
    27.6666,
    27.8175,
    28.0033,
    28.2122,
    28.34,
    28.6186,
    28.8624,
    28.9901,
    29.3268,
    29.6635,
    29.8493,
    29.977,
    30.1976,
    30.3253,
    30.5226,
    30.6736,
    30.9058,
    30.9986
  ]
}